﻿Estimate summary,,,,,,,,,
Upfront cost,Monthly cost,Total 12 months cost,Currency,,,,,,
0,6454.23,77450.76,USD,,,,,,
,,* Includes upfront cost,,,,,,,
,,,,,,,,,
,,,,,,,,,
Detailed Estimate,,,,,,,,,
Group hierarchy,Region,Description,Service,Upfront,Monthly,First 12 months total,Currency,Status,Configuration summary
My Estimate,US East (N. Virginia),ec2 estimate,Amazon EC2 ,0,101.296,1215.55,USD,,"Tenancy (Shared Instances), Operating system (Linux), Workload (Consistent, Number of instances: 4), Advance EC2 instance (t3a.small), Pricing strategy (On-Demand Utilization: 100 %Utilized/Month), Enable monitoring (disabled), EBS Storage amount (20 GB), DT Inbound: Not selected (0 TB per month), DT Outbound: Not selected (0 TB per month), DT Intra-Region: (0 TB per month)"
My Estimate,US East (N. Virginia),,VPN Connection,0,703.5,8442,USD,,"Working days per month (30), Number of subnet associations (4), Number of Site-to-Site VPN Connections (1)"
My Estimate,US East (N. Virginia),,Network Address Translation (NAT) Gateway,0,83.7,1004.4,USD,,Number of NAT Gateways (2)
My Estimate,US East (N. Virginia),,Gateway Load Balancer,0,142.35,1708.2,USD,,"Number of Availability Zones that Gateway Load Balancer is deployed to (2), Number of Gateway Load Balancer Endpoints (2), Total processed bytes (20 GB per hour), Average number of new connections/flows (1000 per second), Average connection/flow duration (600 seconds)"
My Estimate,US East (N. Virginia),,Amazon Route 53,0,4223.5,50682,USD,,"Hosted Zones (), Additional Records in Hosted Zones (1), Number of Elastic Network Interfaces (2), Number of domains stored (2), Basic Checks Within AWS ()"
My Estimate,US East (N. Virginia),,Amazon CloudFront,0,0.22,2.64,USD,,"Data transfer out to internet (1 GB per month), Data transfer out to origin (1 GB per month), Number of requests (HTTPS) (1 per month), Data transfer out to internet (1 GB per month), Data transfer out to origin (1 GB per month), Number of requests (HTTPS) (1 per month)"
My Estimate,US East (N. Virginia),,Amazon RDS for MySQL,0,394.35,4732.2,USD,,"Storage for each RDS instance (General Purpose SSD (gp2)), Storage amount (30 GB), Quantity (2), Instance type (db.m1.medium), Utilization (On-Demand only) (100 %Utilized/Month), Deployment option (Multi-AZ), Pricing strategy (OnDemand), Additional backup storage (10 GB)"
My Estimate,US East (N. Virginia),,Amazon CloudWatch,0,8.505,102.06,USD,,"Number of Metrics (includes detailed and custom metrics) (20), Expected Logs Data scanned (1 GB), Logs Delivered to S3: Data Ingested (10 GB)"
My Estimate,US East (N. Virginia),,S3 Standard,0,4.74,56.88,USD,,"S3 Standard storage (200 GB per month), PUT, COPY, POST, LIST requests to S3 Standard (10000), GET, SELECT, and all other requests from S3 Standard (100000), Data returned by S3 Select (10 GB per month), Data scanned by S3 Select (20 GB per month)"
My Estimate,US East (N. Virginia),,Data Transfer,0,0,0,USD,,"DT Inbound: Not selected (0 TB per month), DT Outbound: Not selected (0 TB per month)"
My Estimate,US East (N. Virginia),,Application Load Balancer,0,600.43,7205.16,USD,,Number of Application Load Balancers (1)
My Estimate,US East (N. Virginia),,Network Load Balancer,0,191.63,2299.56,USD,,"Number of Network Load Balancers (1), Processed bytes per NLB for TCP (10 GB per hour), Average number of new TCP connections (500 per second), Average TCP connection duration (600 seconds), Processed bytes per NLB for UDP (10 GB per hour), Average number of new UDP Flows (100 per second), Average UDP Flow duration (600 seconds), Processed bytes per NLB for TLS (10 GB per hour), Average number of new TLS connections (100 per second), Average TLS connection duration (600 seconds)"
,,,,,,,,,
,,,,,,,,,
,,,,,,,,,
Acknowledgement,,,,,,,,,
"* AWS Pricing Calculator provides only an estimate of your AWS fees and doesn't include any taxes that might apply. Your actual fees depend on a variety of factors, including your actual usage of AWS services.",,,,,,,,,
,,,,,,,,,
I reduce the traffic flow from Route53 to 80 instead of 100 => the traffice flow take a high cost,,,,,,,,,
